date_str,product_category,product_line,price_per_unit,competitor_price,units_sold,revenue,promotion_spend,market_share
2024-08-02,Beverages,Premium,34.02,31.83,2466,83893.32,5124.76,0.2136
2024-04-24,Frozen Foods,Premium,3.77,3.49,21553,81254.81,0,0.1097
2024-08-23,Personal Care,Standard,11.87,12.54,4771,56631.77,0,0.2917
2024-11-30,Frozen Foods,Standard,14.31,13.24,4046,57898.26,0,0.164
2023-01-06,Dairy,Economy,13.74,11.89,4342,59659.08,0,0.3267
2021-06-11,Personal Care,Standard,37.75,40.26,1576,59494.0,0,0.2614
2021-04-04,Snacks,Standard,44.37,51.0,1133,50271.21,0,0.186
2023-01-18,Snacks,Standard,17.6,19.09,4509,79358.4,0,0.0714
2024-07-24,Snacks,Economy,33.49,30.38,2384,79840.16,49476.17,0.2171
2024-11-03,Dairy,Premium,12.23,10.53,6736,82381.28,13387.04,0.3329
2022-10-07,Snacks,Economy,23.72,27.51,2165,51353.8,0,0.0919
2024-02-24,Personal Care,Standard,34.25,34.25,1567,53669.75,0,0.3492
2021-10-11,Personal Care,Standard,6.36,5.51,22409,142521.24,31372.3,0.1766
2021-05-11,Frozen Foods,Standard,27.83,28.21,3541,98546.03,27661.29,0.2541
2021-08-23,Personal Care,Standard,35.17,34.08,1449,50961.33,7907.89,0.2666
2022-06-24,Personal Care,Premium,24.08,21.36,3256,78404.48,0,0.2023
2022-02-12,Snacks,Standard,34.91,36.26,1697,59242.27,0,0.0502
2022-10-26,Frozen Foods,Premium,7.25,7.08,15234,110446.5,0,0.1218
2022-05-09,Personal Care,Premium,6.14,6.26,23144,142104.16,38030.11,0.0885
2023-09-01,Personal Care,Premium,13.76,15.9,4626,63653.76,0,0.2118
2024-11-13,Snacks,Economy,15.75,18.87,4518,71158.5,0,0.2053
2021-09-05,Snacks,Premium,5.22,4.48,20766,108398.52,0,0.0522
2024-12-20,Beverages,Premium,5.36,4.61,20651,110689.36,25707.81,0.1956
2024-01-10,Snacks,Economy,42.26,44.37,1522,64319.72,0,0.2922
2022-01-25,Beverages,Premium,30.51,29.72,2420,73834.2,0,0.0663
2024-08-31,Beverages,Premium,19.61,19.0,2996,58751.56,0,0.1071
2023-07-08,Snacks,Standard,10.3,10.42,6074,62562.2,0,0.2924
2024-02-02,Beverages,Premium,30.22,31.4,2896,87517.12,4663.14,0.1209
2023-04-13,Frozen Foods,Standard,11.58,11.47,11297,130819.26,18948.66,0.1296
2023-07-21,Dairy,Standard,32.11,35.5,2039,65472.29,0,0.196
2022-01-24,Dairy,Premium,43.67,45.97,1431,62491.77,0,0.0671
2024-04-11,Frozen Foods,Economy,41.57,43.06,2011,83597.27,25391.42,0.0706
2021-05-20,Snacks,Standard,7.6,8.83,16210,123196.0,29725.96,0.1758
2024-04-10,Personal Care,Economy,15.95,15.01,4101,65410.95,0,0.1297
2021-09-26,Dairy,Standard,15.94,17.74,7502,119581.88,22914.28,0.3488
2021-05-31,Personal Care,Premium,24.0,21.51,2872,68928.0,3439.57,0.1355
2023-06-17,Personal Care,Economy,15.36,18.35,4932,75755.52,0,0.2504
2024-02-10,Dairy,Economy,6.9,7.99,19645,135550.5,44485.64,0.0966
2022-08-01,Personal Care,Premium,33.0,30.4,1539,50787.0,0,0.1966
2021-04-15,Beverages,Economy,20.5,19.41,4506,92373.0,38555.96,0.1286
2023-06-24,Personal Care,Economy,20.68,17.65,5114,105757.52,44155.32,0.2137
2023-01-27,Personal Care,Economy,8.79,7.86,14744,129599.76,44949.07,0.3082
2023-01-03,Snacks,Economy,13.11,11.62,7329,96083.19,0,0.1719
2024-06-25,Snacks,Premium,39.25,46.77,1759,69040.75,0,0.0574
2022-11-12,Frozen Foods,Economy,39.22,44.47,1370,53731.4,39368.73,0.3117
2023-08-22,Snacks,Premium,37.2,37.61,1605,59706.0,39767.27,0.0571
2022-01-31,Frozen Foods,Standard,14.34,12.54,4827,69219.18,0,0.2028
2024-10-23,Personal Care,Standard,42.42,37.77,1044,44286.48,0,0.3388
2022-06-28,Beverages,Premium,27.85,27.04,2151,59905.35,0,0.3453
2021-08-25,Frozen Foods,Economy,10.58,9.16,7965,84269.7,0,0.292
2024-11-07,Snacks,Standard,20.83,24.62,3503,72967.49,0,0.249
2021-09-13,Dairy,Economy,15.64,15.53,4155,64984.2,0,0.0882
2023-05-12,Frozen Foods,Economy,34.3,31.24,1609,55188.7,0,0.3001
2022-09-15,Dairy,Premium,20.77,21.87,3206,66588.62,0,0.1826
2022-03-14,Personal Care,Standard,36.23,42.97,1740,63040.2,0,0.1351
2024-09-21,Personal Care,Standard,6.47,7.66,22077,142838.19,15520.97,0.0942
2021-04-05,Snacks,Standard,28.48,31.87,2675,76184.0,0,0.2227
2024-11-27,Frozen Foods,Standard,19.49,17.57,4395,85658.55,0,0.3081
2021-08-07,Frozen Foods,Premium,9.98,11.83,6200,61876.0,0,0.1248
2021-09-06,Frozen Foods,Premium,36.56,39.62,1660,60689.6,0,0.335
2023-06-26,Personal Care,Economy,40.41,40.38,1333,53866.53,0,0.0977
2023-08-31,Frozen Foods,Standard,34.45,39.41,2100,72345.0,38883.74,0.1218
2023-06-20,Beverages,Economy,14.64,13.84,5050,73932.0,27007.61,0.1194
2024-11-22,Snacks,Economy,11.59,11.53,6444,74685.96,23296.22,0.2999
2023-03-09,Personal Care,Economy,3.33,3.86,34887,116173.71,0,0.3328
2022-09-04,Frozen Foods,Standard,25.37,28.09,3127,79331.99,0,0.1965
2022-07-13,Frozen Foods,Standard,3.73,3.61,28773,107323.29,0,0.0995
2023-08-16,Snacks,Economy,25.2,29.42,2796,70459.2,0,0.0752
2023-05-28,Snacks,Standard,10.22,9.62,9288,94923.36,22734.97,0.3139
2022-07-24,Frozen Foods,Standard,37.98,38.53,1092,41474.16,0,0.3356
2022-04-05,Beverages,Economy,4.21,3.62,34974,147240.54,41961.44,0.1216
2023-08-28,Beverages,Economy,42.78,43.33,1701,72768.78,18444.76,0.3391
2021-08-23,Snacks,Standard,7.09,6.09,21107,149648.63,33867.36,0.169
2022-02-11,Beverages,Economy,31.85,34.06,2841,90485.85,38624.04,0.2301
2021-09-05,Personal Care,Premium,17.26,17.26,4711,81311.86,25298.04,0.3049
2023-10-01,Beverages,Standard,43.33,46.47,1415,61311.95,0,0.1806
2023-12-05,Dairy,Economy,36.85,38.26,1494,55053.9,0,0.2693
2022-07-04,Dairy,Premium,37.81,33.29,1272,48094.32,0,0.1894
2024-06-03,Frozen Foods,Standard,3.72,4.27,45133,167894.76,10605.99,0.1521
2024-05-05,Dairy,Economy,2.93,3.46,51866,151967.38,36003.73,0.2774
2024-11-15,Frozen Foods,Economy,32.75,32.97,2134,69888.5,14711.78,0.123
2024-09-21,Personal Care,Standard,22.61,23.42,3365,76082.65,0,0.1492
2024-12-10,Frozen Foods,Standard,15.53,14.45,4250,66002.5,0,0.2729
2024-11-14,Snacks,Premium,11.7,11.93,8881,103907.7,0,0.2074
2022-08-03,Beverages,Premium,15.09,14.73,4812,72613.08,35400.92,0.0637
2021-04-22,Personal Care,Standard,32.14,28.74,1846,59330.44,0,0.3118
2024-03-21,Dairy,Standard,22.85,22.15,2463,56279.55,0,0.3085
2021-08-22,Beverages,Standard,23.4,24.62,2218,51901.2,0,0.2933
2022-09-15,Beverages,Premium,7.53,8.42,14384,108311.52,0,0.1177
2023-12-07,Frozen Foods,Standard,41.11,39.22,1290,53031.9,0,0.2206
2021-05-04,Personal Care,Economy,6.72,7.51,12195,81950.4,0,0.0744
2022-05-07,Snacks,Economy,5.69,4.84,18621,105953.49,0,0.1374
2022-04-20,Dairy,Economy,14.52,16.71,5598,81282.96,11671.19,0.2874
2024-04-22,Snacks,Standard,7.38,6.85,12341,91076.58,13281.62,0.0679
2022-09-22,Personal Care,Economy,37.53,44.0,1489,55882.17,0,0.1412
2023-04-05,Dairy,Economy,25.45,25.53,3102,78945.9,0,0.2704
2024-05-21,Dairy,Premium,6.38,7.57,15877,101295.26,0,0.3352
2024-10-08,Dairy,Economy,4.21,4.69,28451,119778.71,0,0.3248
2022-01-07,Personal Care,Standard,29.48,30.13,2336,68865.28,17398.05,0.251
2021-11-26,Dairy,Standard,31.98,30.41,2220,70995.6,0,0.215
2023-07-21,Beverages,Standard,13.23,11.78,7175,94925.25,0,0.2975
2021-01-03,Personal Care,Standard,20.06,18.37,4605,92376.3,37822.16,0.278
2022-02-21,Dairy,Economy,8.07,7.67,11090,89496.3,0,0.0587
2024-07-14,Personal Care,Premium,32.67,31.32,1896,61942.32,20399.53,0.3024
2021-08-21,Frozen Foods,Premium,30.03,27.14,1774,53273.22,0,0.2616
2023-05-01,Frozen Foods,Standard,12.86,13.41,7672,98661.92,46093.41,0.3138
2021-05-23,Dairy,Standard,16.94,19.07,6059,102639.46,128.26,0.3012
2024-04-02,Frozen Foods,Premium,21.48,21.9,3630,77972.4,38143.63,0.3299
2022-01-22,Snacks,Economy,18.78,21.59,3325,62443.5,0,0.1919
2023-02-20,Frozen Foods,Economy,36.18,39.01,1543,55825.74,48241.22,0.3396
2022-11-11,Beverages,Standard,6.74,7.88,21617,145698.58,7207.77,0.341
2021-06-03,Frozen Foods,Standard,16.89,18.45,5189,87642.21,0,0.3057
2023-12-29,Frozen Foods,Standard,29.14,33.82,2160,62942.4,0,0.2352
2022-04-26,Dairy,Premium,34.24,34.3,2615,89537.6,31687.39,0.1831
2024-11-22,Dairy,Premium,4.45,5.02,23883,106279.35,18742.05,0.2093
2024-03-05,Snacks,Premium,9.94,10.57,10655,105910.7,34156.73,0.2249
2022-04-21,Frozen Foods,Economy,13.29,12.48,9075,120606.75,40231.65,0.2533
2021-11-20,Beverages,Standard,42.67,51.02,1788,76293.96,48101.45,0.1871
2022-09-11,Snacks,Standard,38.77,34.4,1595,61838.15,17947.96,0.2598
2021-02-14,Frozen Foods,Standard,2.84,3.27,55872,158676.48,0,0.3232
2023-10-15,Dairy,Premium,28.3,27.54,2349,66476.7,0,0.2533
2024-09-12,Snacks,Economy,6.63,7.09,13006,86229.78,39430.52,0.1595
2021-09-27,Beverages,Standard,16.39,16.32,6827,111894.53,39325.64,0.1598
2023-10-25,Dairy,Premium,13.42,15.28,6841,91806.22,0,0.274
2022-11-25,Beverages,Standard,43.42,39.05,1527,66302.34,0,0.2673
2023-03-25,Personal Care,Standard,6.34,6.26,17636,111812.24,6179.44,0.2747
2022-06-21,Personal Care,Standard,37.45,44.16,1360,50932.0,11691.1,0.3153
2024-02-24,Dairy,Economy,11.91,10.39,8406,100115.46,0,0.1407
2023-04-17,Beverages,Premium,4.43,3.82,18787,83226.41,0,0.1204
2024-01-06,Snacks,Standard,21.78,23.62,3902,84985.56,0,0.1757
2021-11-13,Frozen Foods,Economy,6.71,6.85,18082,121330.22,0,0.0598
2023-01-29,Snacks,Standard,21.4,19.96,3624,77553.6,49046.39,0.3205
2024-08-13,Dairy,Premium,19.42,17.8,4346,84399.32,42401.66,0.2488
2024-08-07,Personal Care,Premium,4.65,4.5,26865,124922.25,0,0.1116
2024-02-10,Snacks,Economy,11.68,13.48,10731,125338.08,7377.71,0.0509
2021-10-24,Snacks,Economy,13.15,11.98,4244,55808.6,0,0.0545
2022-05-03,Personal Care,Standard,3.17,2.99,36215,114801.55,21048.03,0.0691
2023-07-08,Dairy,Economy,27.73,27.96,3195,88597.35,30755.34,0.3226
2024-09-11,Personal Care,Standard,21.97,26.09,3580,78652.6,23949.1,0.2558
2023-10-02,Frozen Foods,Premium,40.72,39.2,1833,74639.76,6309.58,0.2256
2024-12-29,Dairy,Standard,44.77,46.37,1283,57439.91,0,0.0798
2024-12-08,Beverages,Economy,30.16,33.75,1671,50397.36,0,0.1855
2022-04-13,Frozen Foods,Standard,37.67,37.28,1340,50477.8,0,0.1438
2022-06-07,Dairy,Premium,31.69,32.2,2267,71841.23,4268.22,0.2734
2023-02-03,Snacks,Economy,5.05,5.98,22687,114569.35,0,0.1732
2024-09-24,Frozen Foods,Economy,4.69,4.46,28457,133463.33,5180.03,0.0964
2023-09-15,Snacks,Premium,17.38,18.16,4313,74959.94,13928.41,0.1787
2024-02-23,Personal Care,Economy,31.19,32.59,2113,65904.47,0,0.258
2021-03-01,Snacks,Standard,32.36,31.01,2810,90931.6,305.29,0.2199
2023-04-01,Beverages,Premium,33.99,40.45,1997,67878.03,26524.13,0.1861
2021-11-19,Dairy,Standard,33.17,37.21,1338,44381.46,0,0.0658
2021-11-19,Personal Care,Premium,31.14,29.43,1917,59695.38,0,0.1826
2022-07-14,Snacks,Economy,7.34,7.34,15699,115230.66,33924.31,0.2501
2021-04-04,Snacks,Standard,44.34,38.54,1772,78570.48,47266.2,0.2792
2022-08-16,Dairy,Premium,2.83,3.15,61312,173512.96,19010.37,0.2001
2024-09-30,Dairy,Premium,19.38,21.51,3497,67771.86,0,0.0734
2022-10-04,Personal Care,Standard,26.87,29.51,1802,48419.74,0,0.0563
2022-10-28,Snacks,Economy,22.05,24.06,2891,63746.55,21835.59,0.1807
2023-04-01,Personal Care,Premium,19.32,18.52,3602,69590.64,16653.43,0.2031
2021-08-22,Personal Care,Economy,10.74,12.05,10491,112673.34,47911.17,0.0943
2021-07-30,Snacks,Standard,10.88,11.54,8298,90282.24,0,0.1031
2024-07-10,Frozen Foods,Standard,34.56,38.57,2119,73232.64,0,0.2193
2024-07-25,Personal Care,Standard,39.23,41.96,1728,67789.44,3414.31,0.1408
2022-07-17,Personal Care,Premium,17.46,15.29,2965,51768.9,0,0.1606
2022-08-11,Beverages,Economy,39.23,45.09,1438,56412.74,0,0.1888
2024-02-10,Beverages,Standard,41.13,43.19,1685,69304.05,30250.29,0.3373
2023-07-12,Beverages,Standard,44.25,38.92,886,39205.5,0,0.2623
2023-06-19,Personal Care,Economy,28.42,27.78,2031,57721.02,0,0.2823
2024-10-22,Personal Care,Premium,36.04,38.8,2213,79756.52,4725.3,0.1352
2024-09-06,Personal Care,Premium,16.67,17.57,6977,116306.59,17491.04,0.2595
2023-03-14,Snacks,Economy,32.63,28.7,1977,64509.51,0,0.1485
2021-09-19,Personal Care,Premium,29.96,29.91,2054,61537.84,18129.88,0.1143
2023-09-23,Snacks,Premium,45.0,40.69,1505,67725.0,39406.01,0.2119
2023-12-15,Beverages,Economy,16.81,18.8,4297,72232.57,18835.99,0.2994
2024-07-03,Snacks,Economy,21.1,20.97,2703,57033.3,0,0.1833
2022-08-07,Frozen Foods,Premium,25.2,24.15,2499,62974.8,0,0.3005
2023-01-24,Personal Care,Standard,22.12,20.98,4827,106773.24,26372.99,0.2951
2024-05-23,Snacks,Standard,4.72,4.81,31661,149439.92,46714.68,0.2048
2021-09-13,Dairy,Premium,34.93,33.03,1313,45863.09,0,0.1812
2022-03-31,Frozen Foods,Standard,42.05,41.85,1524,64084.2,18698.07,0.0745
2022-04-05,Beverages,Standard,42.06,48.1,1537,64646.22,0,0.0913
2022-08-11,Frozen Foods,Economy,37.82,42.19,1606,60738.92,0,0.3218
2021-02-08,Dairy,Premium,37.99,39.59,1518,57668.82,0,0.0834
2022-08-14,Snacks,Standard,7.68,7.17,12817,98434.56,0,0.0688
2023-10-21,Personal Care,Economy,3.2,3.3,44592,142694.4,7178.84,0.2344
2022-05-08,Personal Care,Standard,10.46,11.34,7320,76567.2,0,0.336
2024-01-20,Personal Care,Economy,26.05,25.7,2638,68719.9,0,0.3443
2022-06-04,Beverages,Standard,36.01,34.95,1724,62081.24,0,0.2815
2022-11-12,Snacks,Premium,17.47,16.92,4914,85847.58,0,0.2554
2024-11-25,Frozen Foods,Economy,10.25,9.2,10385,106446.25,0,0.0611
2022-02-17,Beverages,Premium,40.15,38.56,2066,82949.9,19911.2,0.192
2021-03-16,Snacks,Standard,17.67,19.85,3633,64195.11,0,0.0873
2023-01-24,Frozen Foods,Standard,34.09,39.65,2144,73088.96,48686.18,0.1993
2023-11-30,Dairy,Premium,33.4,29.31,2107,70373.8,0,0.2136
2022-10-20,Beverages,Premium,16.44,15.68,5017,82479.48,0,0.1
2023-06-29,Dairy,Standard,4.3,4.96,27426,117931.8,49907.53,0.344
2021-04-28,Beverages,Economy,29.59,28.91,2289,67731.51,0,0.3358
2021-10-20,Personal Care,Economy,35.71,30.79,1861,66456.31,38925.77,0.1649
2024-03-07,Beverages,Economy,9.02,9.09,9033,81477.66,22196.96,0.0913
2023-01-22,Frozen Foods,Standard,30.11,28.22,2524,75997.64,36783.74,0.1661
2024-02-25,Beverages,Standard,35.44,38.86,2281,80838.64,30593.86,0.3496
2022-02-14,Beverages,Premium,38.75,39.07,1407,54521.25,0,0.0763
2024-10-28,Dairy,Economy,17.27,15.07,5140,88767.8,0,0.3054
2024-12-28,Snacks,Standard,24.12,21.53,3957,95442.84,6943.84,0.0579
2024-02-09,Personal Care,Standard,22.36,26.7,2750,61490.0,44212.32,0.1694
2023-09-08,Personal Care,Standard,35.19,40.05,2238,78755.22,48618.99,0.185
2024-10-24,Personal Care,Standard,7.95,9.06,12014,95511.3,0,0.2803
2021-09-22,Frozen Foods,Economy,41.21,35.83,1341,55262.61,7650.77,0.1468
2024-12-23,Snacks,Standard,42.77,44.12,1309,55985.93,3943.0,0.3369
2022-07-17,Snacks,Economy,15.37,15.93,3880,59635.6,0,0.3325
2021-11-12,Snacks,Economy,29.04,33.85,1918,55698.72,46196.49,0.3091
2021-06-16,Beverages,Economy,35.27,33.25,2202,77664.54,28606.86,0.0591
2024-07-08,Personal Care,Standard,29.78,28.46,2418,72008.04,40367.47,0.1861
2024-11-11,Beverages,Premium,21.18,21.59,3542,75019.56,30333.01,0.2655
2022-12-09,Frozen Foods,Premium,34.83,35.88,1617,56320.11,12086.89,0.1849
2021-10-16,Beverages,Premium,14.83,14.6,4308,63887.64,0,0.3096
2021-11-24,Dairy,Economy,33.15,30.38,2184,72399.6,49798.47,0.3137
2023-10-16,Beverages,Premium,42.67,43.82,1064,45400.88,0,0.1559
2021-04-14,Dairy,Standard,27.89,31.93,1945,54246.05,0,0.0525
2021-08-09,Frozen Foods,Premium,40.0,44.19,1284,51360.0,0,0.1702
2024-03-13,Personal Care,Premium,17.91,17.03,5111,91538.01,22517.72,0.2976
2024-06-30,Personal Care,Premium,7.97,7.04,14713,117262.61,49339.38,0.1597
2021-10-23,Snacks,Economy,24.14,24.74,3029,73120.06,6851.82,0.1921
2023-07-25,Snacks,Economy,40.46,36.37,1226,49603.96,0,0.1679
2024-06-16,Dairy,Economy,16.8,19.15,4855,81564.0,0,0.1399
2021-02-04,Dairy,Standard,31.14,37.15,2278,70936.92,0,0.2676
2024-11-10,Beverages,Economy,22.67,26.94,3407,77236.69,0,0.2233
2021-04-16,Personal Care,Standard,9.75,10.43,10545,102813.75,0,0.0943
2024-10-26,Snacks,Premium,26.83,29.38,2791,74882.53,22051.93,0.1739
2022-02-22,Frozen Foods,Economy,35.44,41.54,1866,66131.04,0,0.0687
2021-10-10,Personal Care,Premium,26.34,31.59,2227,58659.18,0,0.337
2023-07-31,Personal Care,Standard,25.72,27.95,2749,70704.28,0,0.2911
2022-06-26,Personal Care,Standard,10.67,9.99,6500,69355.0,0,0.3419
2022-09-02,Dairy,Economy,11.31,12.4,11369,128583.39,17440.16,0.2886
2022-07-15,Dairy,Premium,26.87,27.95,2195,58979.65,0,0.1535
2021-10-27,Dairy,Premium,14.72,16.19,5469,80503.68,22118.81,0.1937
2022-02-18,Personal Care,Standard,42.15,46.1,1716,72329.4,30783.85,0.1227
2024-10-03,Personal Care,Premium,29.61,25.71,2334,69109.74,0,0.0802
2021-10-09,Beverages,Economy,44.06,39.89,1513,66662.78,0,0.1927
2024-08-25,Snacks,Standard,16.15,17.38,3423,55281.45,0,0.2222
2024-01-01,Beverages,Premium,20.26,23.16,2441,49454.66,0,0.3009
2023-10-12,Snacks,Economy,43.39,50.94,886,38443.54,0,0.2204
2021-08-08,Dairy,Standard,21.81,23.43,3791,82681.71,0,0.0903
2023-10-30,Frozen Foods,Standard,10.69,9.51,8294,88662.86,22945.72,0.1059
2022-11-22,Dairy,Economy,31.16,28.59,2093,65217.88,0,0.1716
2023-05-26,Personal Care,Standard,6.19,6.71,17661,109321.59,7030.59,0.1244
2022-06-19,Frozen Foods,Premium,21.49,20.27,4087,87829.63,29123.04,0.1285
2023-01-07,Snacks,Premium,30.88,31.28,3065,94647.2,34303.68,0.3163
2022-09-29,Beverages,Economy,41.44,39.5,1109,45956.96,0,0.0901
2021-11-10,Frozen Foods,Economy,44.53,43.67,1516,67507.48,0,0.2772
2024-09-22,Snacks,Premium,31.41,33.25,1942,60998.22,0,0.2085
2023-01-11,Beverages,Economy,7.27,8.29,10529,76545.83,0,0.211
2021-12-03,Dairy,Economy,21.28,23.15,3152,67074.56,0,0.3197
2023-07-02,Beverages,Standard,8.11,8.07,11513,93370.43,0,0.2518
2022-09-24,Beverages,Standard,13.31,11.33,6966,92717.46,3651.48,0.2601
2024-01-14,Beverages,Premium,44.41,45.09,1190,52847.9,8999.07,0.2425
2024-08-15,Frozen Foods,Standard,44.7,43.98,1504,67228.8,0,0.1627
2024-10-30,Personal Care,Premium,30.28,29.42,2551,77244.28,26862.92,0.2684
2022-04-02,Beverages,Premium,44.09,44.62,1174,51761.66,0,0.1638
2022-04-16,Snacks,Standard,17.21,16.29,4746,81678.66,0,0.0839
2024-09-14,Frozen Foods,Economy,35.06,40.65,1576,55254.56,10304.08,0.0601
2024-05-09,Beverages,Premium,33.97,33.66,2630,89341.1,10863.46,0.0669
2023-10-29,Dairy,Premium,37.17,41.11,2119,78763.23,29895.88,0.1462
2022-09-11,Snacks,Economy,24.65,24.52,3456,85190.4,27835.91,0.2706
2021-12-25,Frozen Foods,Economy,23.56,28.04,3065,72211.4,0,0.2857
2022-10-15,Frozen Foods,Standard,8.84,8.68,9784,86490.56,0,0.3048
2022-09-08,Snacks,Standard,41.38,43.32,1382,57187.16,0,0.0902
2022-05-13,Dairy,Premium,16.54,14.52,4062,67185.48,0,0.2107
2022-01-26,Beverages,Standard,18.53,19.67,5616,104064.48,3639.22,0.2263
2024-10-07,Personal Care,Premium,22.87,26.4,2561,58570.07,47850.99,0.3311
2021-08-29,Frozen Foods,Premium,32.06,35.15,2079,66652.74,11966.55,0.1349
2023-08-13,Personal Care,Economy,17.77,16.73,4004,71151.08,0,0.0796
2023-08-20,Dairy,Premium,18.25,18.16,3226,58874.5,0,0.0938
2022-06-19,Personal Care,Economy,27.11,27.01,2686,72817.46,16493.26,0.3
2023-10-20,Personal Care,Economy,42.6,41.24,1278,54442.8,0,0.2671
2023-10-02,Frozen Foods,Premium,33.64,32.74,1772,59610.08,27327.32,0.3168
2024-08-07,Beverages,Economy,3.94,4.52,31297,123310.18,0,0.2793
2023-04-25,Snacks,Economy,12.34,13.54,7442,91834.28,25286.65,0.2354
2024-09-27,Personal Care,Standard,30.52,26.11,1880,57377.6,0,0.055
2022-07-17,Personal Care,Standard,3.23,3.66,43567,140721.41,0,0.3229
2021-08-08,Beverages,Economy,8.83,8.1,11840,104547.2,0,0.1302
2023-03-24,Beverages,Standard,43.27,43.73,1387,60015.49,34861.82,0.2984
2021-06-15,Beverages,Premium,19.72,19.37,3791,74758.52,0,0.2609
2021-06-19,Frozen Foods,Standard,29.91,28.89,2618,78304.38,0,0.3184
2021-03-29,Snacks,Premium,40.8,44.57,1174,47899.2,0,0.3272
2024-11-02,Dairy,Economy,26.45,22.79,2125,56206.25,0,0.3384
2024-04-17,Snacks,Economy,37.39,43.94,1982,74106.98,28197.91,0.3048
2024-10-18,Personal Care,Standard,18.81,20.86,4148,78023.88,0,0.0735
2022-12-10,Beverages,Premium,21.08,24.11,5111,107739.88,38450.28,0.169
2022-10-31,Beverages,Economy,14.12,16.91,4940,69752.8,0,0.3323
2023-06-04,Snacks,Economy,27.4,26.93,2004,54909.6,0,0.1239
2021-05-31,Beverages,Standard,9.05,9.95,11030,99821.5,0,0.145
2021-08-07,Beverages,Premium,42.58,42.82,980,41728.4,0,0.0762
2023-06-02,Frozen Foods,Economy,26.08,25.89,2301,60010.08,17695.71,0.2294
2022-10-27,Frozen Foods,Premium,14.9,14.69,7837,116771.3,45056.8,0.3435
2024-03-17,Personal Care,Premium,31.63,28.76,1866,59021.58,13420.34,0.1002
2022-07-20,Frozen Foods,Standard,23.08,20.24,3837,88557.96,12329.5,0.2281
2022-02-05,Frozen Foods,Premium,8.26,7.04,12596,104042.96,42080.67,0.3087
2023-06-21,Dairy,Standard,37.16,42.76,1201,44629.16,0,0.1462
2024-11-24,Snacks,Standard,15.85,18.82,4071,64525.35,0,0.2585
2023-10-03,Personal Care,Premium,16.35,15.5,4108,67165.8,0,0.3296
2022-02-14,Personal Care,Economy,10.15,11.35,13144,133411.6,36360.67,0.1129
2022-08-20,Beverages,Standard,31.1,27.95,1919,59680.9,12634.08,0.1769
2023-02-12,Beverages,Standard,44.6,45.39,1217,54278.2,0,0.3261
2024-11-17,Frozen Foods,Economy,4.06,4.83,32463,131799.78,0,0.2281
2021-06-24,Beverages,Premium,30.45,29.67,1447,44061.15,0,0.3451
2024-10-19,Frozen Foods,Standard,43.54,43.57,1574,68531.96,12936.92,0.2056
2024-04-03,Personal Care,Premium,21.45,21.17,3307,70935.15,0,0.2001
2022-12-08,Beverages,Standard,6.94,6.91,10481,72738.14,0,0.3322
2021-10-18,Dairy,Standard,17.08,19.21,3838,65553.04,0,0.0793
2024-11-27,Frozen Foods,Standard,5.35,4.63,13628,72909.8,0,0.1529
2021-08-12,Snacks,Economy,12.87,11.73,9724,125147.88,27992.45,0.1196
2023-04-10,Snacks,Premium,29.72,29.76,2102,62471.44,30705.35,0.2277
2023-03-08,Beverages,Economy,11.63,11.02,8196,95319.48,0,0.2232
2024-01-05,Snacks,Standard,16.35,16.52,5680,92868.0,43131.83,0.2417
2024-05-07,Frozen Foods,Economy,19.18,17.07,3648,69968.64,22893.03,0.2521
2022-09-02,Personal Care,Economy,6.1,5.47,16302,99442.2,15269.0,0.258
2023-11-13,Frozen Foods,Standard,27.85,29.28,2218,61771.3,0,0.2112
2024-08-14,Snacks,Economy,9.59,9.12,11980,114888.2,42099.26,0.3097
2021-01-20,Frozen Foods,Premium,10.79,10.62,8377,90387.83,0,0.1727
2023-10-05,Frozen Foods,Economy,38.2,39.0,2144,81900.8,1543.04,0.1376
2022-07-17,Snacks,Economy,14.77,16.59,5935,87659.95,0,0.1986
2023-11-13,Beverages,Economy,7.35,8.24,11629,85473.15,0,0.2968
2021-03-27,Frozen Foods,Economy,11.79,11.78,7468,88047.72,0,0.1243
2021-03-08,Frozen Foods,Standard,17.31,19.66,5380,93127.8,0,0.2827
2022-05-01,Snacks,Economy,27.49,26.74,2456,67515.44,0,0.0998
2021-10-13,Snacks,Premium,36.73,38.55,1651,60641.23,0,0.1005
2024-12-12,Dairy,Standard,26.84,31.76,2910,78104.4,0,0.2946
2021-10-05,Frozen Foods,Premium,44.68,51.54,1285,57413.8,43303.94,0.2634
2022-05-22,Frozen Foods,Standard,8.54,9.15,9620,82154.8,0,0.0727
2021-07-10,Frozen Foods,Economy,34.37,37.57,1655,56882.35,0,0.1964
2024-04-06,Beverages,Economy,6.46,7.69,16717,107991.82,0,0.305
2023-12-31,Frozen Foods,Premium,43.65,49.7,1114,48626.1,0,0.1351
2024-01-26,Personal Care,Premium,26.56,27.09,2167,57555.52,34127.6,0.0799
2023-07-31,Beverages,Premium,42.0,38.02,1698,71316.0,0,0.1783
2024-11-11,Snacks,Economy,15.33,17.72,3674,56322.42,0,0.1581
2021-06-18,Dairy,Economy,40.91,37.14,1898,77647.18,15275.46,0.1202
2024-09-04,Beverages,Economy,6.55,6.06,18566,121607.3,29683.97,0.1835
2021-01-17,Dairy,Premium,44.5,44.4,1413,62878.5,3541.42,0.2692
2021-07-29,Beverages,Standard,18.12,17.3,5987,108484.44,40668.4,0.2425
2024-10-18,Snacks,Premium,25.05,21.37,2474,61973.7,0,0.2667
2024-07-10,Snacks,Standard,28.68,28.82,2109,60486.12,44829.65,0.0869
2023-02-26,Dairy,Standard,15.87,14.27,5994,95124.78,4212.44,0.23
2024-05-29,Dairy,Economy,3.64,4.17,25941,94425.24,0,0.2321
2022-01-22,Frozen Foods,Standard,29.96,33.68,1716,51411.36,0,0.1658
2022-05-09,Frozen Foods,Economy,27.74,28.71,2905,80584.7,0,0.3302
2021-09-28,Frozen Foods,Economy,20.39,21.23,5419,110493.41,23550.73,0.0719
2024-04-17,Beverages,Premium,13.64,11.78,7100,96844.0,39464.5,0.2386
2023-10-24,Frozen Foods,Standard,32.33,28.41,1970,63690.1,0,0.1332
2022-09-27,Beverages,Economy,41.64,49.59,1743,72578.52,16337.51,0.279
2024-08-23,Beverages,Standard,32.19,35.59,1361,43810.59,0,0.0759
2023-06-09,Beverages,Standard,28.52,24.79,2374,67706.48,0,0.1027
2021-01-26,Snacks,Economy,2.98,3.05,60973,181699.54,25861.14,0.1278
2023-02-01,Snacks,Economy,35.7,33.7,1883,67223.1,0,0.0588
2023-05-30,Dairy,Economy,5.21,5.73,14752,76857.92,0,0.1866
2023-01-08,Beverages,Standard,39.02,35.45,2230,87014.6,38666.45,0.2522
2021-08-25,Snacks,Economy,24.13,20.88,2281,55040.53,0,0.1915
2023-02-24,Snacks,Premium,42.07,48.39,1633,68700.31,0,0.2722
2023-05-09,Snacks,Standard,13.05,15.28,7811,101933.55,41299.85,0.0858
2024-10-10,Beverages,Premium,11.99,12.36,10253,122933.47,20046.24,0.3098
2022-09-29,Dairy,Premium,26.01,22.18,2696,70122.96,28190.34,0.2368
2023-08-09,Dairy,Economy,43.8,52.53,1414,61933.2,0,0.214
2022-05-18,Snacks,Premium,42.13,36.16,1412,59487.56,0,0.258
2021-01-20,Dairy,Premium,34.75,34.11,1483,51534.25,0,0.1116
2022-05-03,Frozen Foods,Standard,43.35,51.6,1142,49505.7,13991.26,0.1194
2023-12-01,Frozen Foods,Economy,40.56,40.98,1438,58325.28,0,0.2016
2024-07-29,Frozen Foods,Premium,27.66,24.11,1756,48570.96,0,0.1375
2022-10-08,Frozen Foods,Economy,37.86,36.5,1260,47703.6,0,0.3331
2021-10-06,Personal Care,Premium,9.1,8.26,9037,82236.7,0,0.2108
2022-03-02,Frozen Foods,Standard,22.19,25.48,3315,73559.85,40379.85,0.2614
2024-05-20,Beverages,Premium,38.03,36.69,1703,64765.09,12410.94,0.204
2024-10-18,Dairy,Standard,37.35,34.02,1852,69172.2,0,0.2168
2024-02-01,Snacks,Premium,22.14,25.05,4514,99939.96,597.85,0.3448
2021-09-25,Snacks,Standard,18.32,19.61,4045,74104.4,0,0.1276
2021-06-03,Beverages,Premium,10.9,11.73,5718,62326.2,0,0.3042
2022-11-11,Beverages,Premium,42.55,36.92,1237,52634.35,0,0.2673
2023-10-14,Beverages,Standard,31.54,28.72,2064,65098.56,9357.56,0.315
2021-03-12,Personal Care,Economy,28.72,30.92,2642,75878.24,0,0.1937
2021-06-29,Dairy,Standard,8.33,7.66,10907,90855.31,0,0.2392
2024-01-19,Beverages,Standard,35.73,34.86,1603,57275.19,0,0.3238
2023-10-26,Dairy,Standard,13.99,12.02,3928,54952.72,0,0.2932
2022-07-30,Beverages,Standard,25.0,27.96,3305,82625.0,0,0.08
2024-09-07,Snacks,Standard,25.18,28.38,2953,74356.54,0,0.3343
2024-03-25,Frozen Foods,Standard,42.25,50.57,1448,61178.0,11827.56,0.2714
2023-01-05,Personal Care,Premium,32.4,31.53,1442,46720.8,0,0.3345
2023-10-06,Personal Care,Standard,9.96,8.6,7577,75466.92,30083.14,0.1934
2022-11-11,Personal Care,Premium,36.77,35.64,2378,87439.06,40121.22,0.0679
2021-10-30,Personal Care,Economy,41.48,46.5,1620,67197.6,0,0.3382
2023-02-05,Frozen Foods,Economy,6.79,6.49,22228,150928.12,7875.19,0.2876
2023-09-25,Dairy,Premium,32.56,34.08,1950,63492.0,0,0.157
2024-09-25,Personal Care,Premium,18.58,20.57,3317,61629.86,8885.41,0.2606
2024-03-19,Frozen Foods,Economy,3.88,4.12,37135,144083.8,0,0.1163
2024-03-04,Beverages,Standard,8.48,9.42,10504,89073.92,49118.98,0.3156
2021-07-01,Dairy,Standard,2.98,2.75,37203,110864.94,0,0.2861
2021-01-03,Beverages,Standard,21.12,21.05,4923,103973.76,20700.96,0.1554
2023-02-08,Beverages,Standard,36.02,37.9,1337,48158.74,0,0.1854
2021-03-10,Dairy,Premium,16.05,18.99,5296,85000.8,8505.26,0.2696
2024-01-26,Beverages,Standard,27.75,29.55,1614,44788.5,0,0.3327
2021-12-04,Personal Care,Standard,9.18,8.13,13233,121478.94,9499.21,0.2666
2024-01-12,Dairy,Economy,14.46,13.49,7891,114103.86,28588.49,0.0961
2023-01-09,Beverages,Standard,6.22,7.08,15516,96509.52,0,0.0791
2022-02-28,Snacks,Economy,14.9,13.09,4463,66498.7,0,0.1692
2023-09-29,Dairy,Premium,29.78,29.35,2080,61942.4,19072.26,0.0634
2023-06-20,Frozen Foods,Standard,12.12,11.44,9074,109976.88,37611.76,0.0757
2022-12-06,Personal Care,Standard,43.75,46.22,1497,65493.75,0,0.2955
2023-05-08,Personal Care,Economy,39.34,39.98,1407,55351.38,0,0.0737
2021-03-13,Personal Care,Economy,40.77,46.08,1461,59564.97,0,0.0861
2023-07-09,Snacks,Premium,43.82,49.65,2005,87859.1,21168.74,0.1806
2024-07-08,Snacks,Economy,13.46,15.73,4260,57339.6,0,0.1664
2023-03-25,Personal Care,Standard,38.91,40.15,1024,39843.84,0,0.2601
2024-04-18,Personal Care,Standard,7.28,6.57,13432,97784.96,0,0.3394
2021-07-25,Beverages,Economy,35.63,40.08,1994,71046.22,0,0.3134
2022-06-25,Frozen Foods,Economy,23.14,24.6,2797,64722.58,13770.71,0.2326
2024-11-21,Frozen Foods,Premium,19.32,22.37,2625,50715.0,0,0.1926
2022-07-05,Dairy,Premium,16.86,19.01,6522,109960.92,42142.33,0.2555
2022-04-12,Snacks,Standard,43.9,44.12,1066,46797.4,0,0.175
2024-08-15,Beverages,Premium,21.27,24.88,3145,66894.15,0,0.205
2023-02-05,Beverages,Economy,36.14,31.55,1501,54246.14,0,0.2842
2023-12-10,Personal Care,Premium,9.88,11.42,7741,76481.08,2881.38,0.0652
2023-01-09,Snacks,Standard,18.15,18.38,5408,98155.2,46153.68,0.1226
2023-09-29,Personal Care,Standard,10.05,11.6,7656,76942.8,0,0.0991
2022-06-14,Beverages,Standard,3.67,3.18,36410,133624.7,0,0.1143
2022-03-30,Snacks,Economy,11.29,12.17,8816,99532.64,0,0.3401
2024-10-29,Beverages,Standard,41.24,44.4,946,39013.04,0,0.1257
2022-09-18,Dairy,Standard,40.56,46.57,1140,46238.4,0,0.1406
2023-12-03,Personal Care,Standard,27.34,23.31,2932,80160.88,0,0.3018
2024-02-24,Personal Care,Economy,14.51,15.81,4707,68298.57,0,0.1329
2022-10-28,Dairy,Standard,30.39,35.96,1623,49322.97,0,0.2052
2022-05-08,Beverages,Economy,19.67,18.92,4387,86292.29,1272.76,0.1387
2023-05-08,Frozen Foods,Standard,33.81,35.64,2067,69885.27,0,0.153
2024-12-31,Snacks,Economy,25.22,28.37,2807,70792.54,0,0.2022
2021-12-15,Personal Care,Premium,14.99,15.21,5680,85143.2,0,0.2177
2022-01-10,Dairy,Economy,6.3,6.14,13655,86026.5,0,0.2864
2022-11-10,Dairy,Standard,27.39,27.73,3087,84552.93,2683.85,0.2241
2024-06-25,Beverages,Standard,40.3,41.31,1285,51785.5,0,0.1395
2021-04-21,Snacks,Premium,44.67,43.33,1495,66781.65,0,0.346
2021-10-21,Dairy,Economy,10.17,8.93,9198,93543.66,49332.02,0.0674
2023-07-15,Dairy,Premium,34.85,31.68,1660,57851.0,0,0.2791
2021-06-30,Snacks,Economy,20.93,20.94,3198,66934.14,0,0.0514
2023-12-30,Snacks,Economy,18.36,15.7,3913,71842.68,41661.43,0.253
2024-07-07,Snacks,Premium,31.97,31.03,2461,78678.17,19177.52,0.1001
2021-04-04,Dairy,Standard,21.88,22.58,2938,64283.44,0,0.256
2021-10-02,Dairy,Standard,17.77,16.28,5017,89152.09,0,0.171
2022-04-13,Snacks,Economy,44.36,40.98,1181,52389.16,25231.68,0.2633
2021-03-18,Frozen Foods,Economy,13.37,13.87,7963,106465.31,49734.01,0.2461
2021-02-10,Beverages,Economy,7.42,7.46,17495,129812.9,12636.91,0.1116
2024-11-05,Beverages,Standard,20.39,18.05,3601,73424.39,0,0.2602
2023-05-08,Beverages,Economy,33.05,29.45,1833,60580.65,5313.19,0.1099
2022-06-23,Personal Care,Premium,17.71,17.59,6276,111147.96,27406.94,0.2565
2023-09-12,Dairy,Premium,2.62,2.84,58035,152051.7,0,0.2507
2021-11-02,Beverages,Economy,5.69,6.28,19156,108997.64,0,0.187
2022-08-30,Dairy,Standard,4.63,5.25,27919,129264.97,0,0.1581
2024-10-18,Dairy,Standard,33.89,29.93,1260,42701.4,0,0.3056
2024-09-20,Snacks,Standard,17.69,17.75,4951,87583.19,0,0.0779
2022-12-03,Snacks,Premium,19.53,23.18,5368,104837.04,19285.77,0.29
2024-08-21,Snacks,Premium,8.13,8.98,13376,108746.88,0,0.0811
2024-04-24,Frozen Foods,Economy,31.33,28.62,1720,53887.6,17929.95,0.2553
2021-09-25,Frozen Foods,Standard,7.3,7.26,14163,103389.9,13080.64,0.2614
2024-10-20,Personal Care,Economy,27.01,28.3,2564,69253.64,0,0.1515
2023-12-08,Personal Care,Premium,20.9,23.08,3567,74550.3,0,0.2424
2021-11-01,Personal Care,Economy,4.82,5.18,33115,159614.3,42442.28,0.3108
2021-06-03,Frozen Foods,Standard,12.74,15.15,8392,106914.08,11135.33,0.171
2022-04-27,Beverages,Standard,21.38,22.46,3507,74979.66,24922.81,0.3442
2024-08-31,Beverages,Premium,19.65,16.95,4208,82687.2,0,0.2875
2024-06-21,Dairy,Economy,26.4,28.49,2168,57235.2,0,0.2976
2022-04-02,Frozen Foods,Standard,26.31,28.07,2635,69326.85,0,0.2648
2021-08-22,Beverages,Economy,11.92,11.56,8619,102738.48,0,0.1376
2023-12-06,Dairy,Economy,7.02,8.17,16007,112369.14,0,0.2728
2023-04-19,Beverages,Standard,28.46,26.06,2034,57887.64,0,0.1871
2022-01-26,Dairy,Premium,34.68,30.04,1855,64331.4,0,0.087
2023-07-12,Frozen Foods,Economy,27.55,28.28,1593,43887.15,0,0.2709
2024-02-08,Frozen Foods,Economy,23.02,23.66,2310,53176.2,0,0.2236
2021-09-20,Beverages,Standard,30.44,32.33,2369,72112.36,44069.53,0.2327
2024-11-19,Snacks,Standard,19.41,18.83,3500,67935.0,40239.84,0.2308
2023-11-16,Dairy,Economy,25.78,24.75,2552,65790.56,0,0.1152
2022-03-06,Personal Care,Economy,14.85,14.42,6528,96940.8,0,0.245
2021-12-31,Personal Care,Economy,32.01,30.82,2305,73783.05,17611.89,0.2212
2024-09-28,Frozen Foods,Economy,34.28,39.23,2529,86694.12,42365.05,0.2068
2021-02-21,Frozen Foods,Premium,4.76,4.14,35854,170665.04,39276.61,0.255
2021-10-27,Beverages,Economy,35.84,33.02,1474,52828.16,0,0.1858
2024-06-15,Personal Care,Premium,34.05,35.63,2539,86452.95,39215.36,0.1363
2024-09-22,Beverages,Standard,18.97,22.48,3270,62031.9,0,0.2156
2021-01-27,Dairy,Premium,28.87,32.43,2557,73820.59,0,0.3234
2024-12-14,Dairy,Economy,25.73,27.3,3169,81538.37,0,0.1383
2021-12-30,Beverages,Premium,43.41,48.07,1362,59124.42,2031.71,0.1293
2021-11-26,Personal Care,Standard,2.74,2.78,33001,90422.74,0,0.3286
2024-05-07,Beverages,Economy,28.66,31.0,2248,64427.68,0,0.1574
2024-12-20,Dairy,Economy,11.85,10.84,8062,95534.7,25257.02,0.2111
2021-07-08,Dairy,Premium,40.04,43.33,2215,88688.6,14678.72,0.2355
2023-08-31,Personal Care,Economy,2.87,3.11,53334,153068.58,0,0.2341
2024-06-26,Snacks,Premium,31.51,30.32,2413,76033.63,0,0.1658
2024-01-12,Dairy,Premium,41.23,46.91,1624,66957.52,40140.84,0.0632
2024-08-27,Snacks,Standard,24.34,28.77,3406,82902.04,47813.81,0.0522
2021-05-15,Snacks,Economy,29.25,27.04,2521,73739.25,0,0.1117
2024-12-10,Frozen Foods,Economy,37.21,32.57,1096,40782.16,0,0.2651
2021-03-19,Beverages,Premium,4.81,5.43,22919,110240.39,0,0.1183
2022-06-14,Frozen Foods,Standard,21.67,21.49,2986,64706.62,19475.09,0.0518
2024-06-20,Beverages,Economy,27.39,30.0,2181,59737.59,46402.39,0.2861
2022-09-10,Personal Care,Premium,14.46,16.98,4709,68092.14,41106.12,0.0969
2022-03-27,Snacks,Economy,19.12,21.59,4654,88984.48,0,0.0932
